{"cameraMode":{"drawMode":0,"name":"Shaded","section":"Shading Mode"},"sceneLighting":true,"audioPlay":false,"sceneViewState":{"showFog":true,"showMaterialUpdate":false,"showSkybox":true,"showFlares":true,"showImageEffects":true,"showParticleSystems":true},"in2DMode":true,"pivot":{"x":4.944868564605713,"y":9.431425094604493,"z":-0.3022131025791168},"rotation":{"x":-0.00003038610338990111,"y":0.00009380566189065576,"z":-0.00002766718898783438,"w":-1.0},"size":16.18653678894043,"orthographic":true}