{"cameraMode":{"drawMode":0,"name":"Shaded","section":"Shading Mode"},"sceneLighting":true,"audioPlay":false,"sceneViewState":{"showFog":true,"showMaterialUpdate":false,"showSkybox":true,"showFlares":true,"showImageEffects":true,"showParticleSystems":true},"in2DMode":true,"pivot":{"x":5.7265191078186039,"y":10.113509178161621,"z":-0.27020299434661868},"rotation":{"x":-0.00003038610338990111,"y":0.00009380566189065576,"z":-0.00002766718898783438,"w":-1.0},"size":12.988903045654297,"orthographic":true}